,user_id,seg_start,seg_end,avg_hr,min_hr,max_hr,avg_rr
0,abc,1630185981,1630185995,68.53333333333333,41,89,17.933333333333334
1,abc,1630185996,1630186010,72.06666666666666,41,89,21.066666666666666
2,abc,1630186011,1630186025,65.0,40,89,19.333333333333332
3,abc,1630186026,1630186041,58.733333333333334,40,81,21.0
